firstName,fullName,lastName,resource_ID
Ayan,Ayan Musk,Musk,e4beae01-a0ef-41fa-9037-e4da36a12741
Kim,Kim Ma,Ma,eb1b4575-5f0d-45f9-befa-a3cq43def0ea
Vishwanathan ,Vishwanathan Tendulkar,Tendulkar,7a4da86a-94cd-4969-a297-cf066038d6f8
Tiger,Tiger Salah,Salah,a9e19a53-e9d5-4820-8665-c978b575f646
Sachin,Sachin Tendulkar,Tendulkar,f09e2fa7-bd0e-4064-acd8-3c9f42baf0e7
Vishwanathan,Vishwanathan Ma,Ma,d660dbb9-7e5a-4241-ba72-30d18ce8edd2
Serena,Serena Salah,Salah,e5e3d7b8-1891-4d3f-80de-856b80217c88
Jack,Jack Kardashian,Kardashian,000900bc-0dfa-b992-a4af-b4ea5bbbcf69
Alex,Alex Kardashian,Kardashian,9e2550e9-ab47-4807-b39b-0658917a1645
Jack,Jack Winfrey,Winfrey,b178837c-545d-4b65-9462-5ffw402464f0
Jack,Jack Musk,Musk,001a3ed7-527c-8eb3-f00a-d44e98125649
Alex,Alex Kardashian,Kardashian,02ffde7c-3b48-4745-8e54-107d16a28261
Lionel,Lionel Ma,Ma,c8fa5539-337c-4565-a109-7a9e187c3e0b
Donald,Donald Woods,Woods,00f103d3-05c3-4fdb-9999-9d400181c533
Sachin,Sachin Ma,Ma,002a6d7b-0612-8440-78a7-fcae090863a7
Sachin,Sachin Morgan,Morgan,f3f0bab0-d1fd-47df-a2c9-90782h8954d2
Lionel,Lionel Messi,Messi,d00ffad1-56fd-4cbd-9f3a-2b93faca38a8
Jeff,Jeff Smith,Smith,00eb655f-c131-ee44-9192-08e7c9072795
Vishwanathan,Vishwanathan Kardashian,Kardashian,00b0392c-9184-da6d-8cde-c23c27d14961
Christiano,Christiano Trump,Trump,009d2aae-2682-c085-c411-0721e1dfd517
Oprah,Oprah Coehlo,Coehlo,009363ae-7b87-158a-d4ae-5b26cv3889c8
Donald,Donald Musk,Musk,00554d1c-a5bb-9ffb-6e43-6f5db6d5d334
Jeff,Jeff Graff,Graff,000bc69a-872e-7b96-ff9c-fadd9ad4b6a4
Will,Will Presley,Presley,00953803-423e-fb89-37c0-9817dmb3ea85
Elvis,Elvis Messi,Messi,002d4d55-bc7d-a89a-b8d8-4c02adb436d8
Steffi,Steffi Rand,Rand,0066b3aa-73f7-b607-1d37-4dbc02d12cd1
Paulo,Paulo Ma,Ma,00fb9404-75c8-e4d1-192f-30462dfd34f3
Mohamed,Mohamed Ronaldo,Ronaldo,00e4e0ce-db27-e58c-2e75-e0e7f746053d
Ayan,Ayan Smith,Smith,0060cb84-7e67-2e66-f6d5-f0159zd5b3b2
Steffi,Steffi Ma,Ma,009931d9-34e0-7f3b-5b34-ad68c5a116f0
Paulo,Paulo Salah,Salah,00bfb169-186a-31f2-39e5-5846f1bf554b
Jeff,Jeff Rand,Rand,00d67316-ff8d-10cb-a3f5-5c3fc9886bc7
Donald,Donald Musk,Musk,00da0e49-4078-b7cd-61f3-df211d1eb4bf
Tiger,Tiger Ma,Ma,0077f0c5-7411-cf8f-6992-28b612d821f6
Mohamed,Mohamed Ronaldo,Ronaldo,004808d7-9643-4f8d-8bc5-a9b49fbb0a7b
Steffi,Steffi Smith,Smith,00004832-f2ea-ed2b-bc72-bd8ce72569e1
Jack,Jack Williams,William,006d29c5-c815-2394-be97-7dbbfa31d4a7
Tiger,Tiger Graff,Graff,009651ff-7e75-1878-1b04-5e141xf543c0
Donald,Donald Kardashian,Kardashian,0001622e-2e21-0a1a-a0b6-c7f053b755d6
Will,Will Presley,Presley,00f6e3c7-5675-7caf-1924-453778b77458
Kim,Kim Anand,Anand,00ef5e35-b3d3-73f7-b607-1d37aaf55300
Jack,Jack Smith,Smith,00d0a9dd-e76b-8ab9-bea6-ab34d10052f2
Donald,Donald Morgan,Morgan,00a1d066-12b9-ea4b-a396-dfcdfaf5233e
Kim,Kim Woods,Woods,00cc0fab-a780-e3b8-440f-29537g6b09fa
Jeff,Jeff Bezos,Bezos,003d99e6-0a1a-a0b6-c7f0-1ffd8s1da47e
Ayan,Ayan Woods,Woods,0024aec7-9a3c-3d8a-b4de-5e05a7b0bc45
Tiger,Tiger Smith,Smith,00701715-cb04-2682-c085-c4117s3e2159
Elvis,Elvis Bezos,Bezos,0077fb4a-63c4-0deb-8b19-7f80df592525
Elon,Elon Winfrey,Winfrey,00f12413-e99f-35fa-555b-a78f1r5fcef6
Elvis,Elvis Rand,Rand,001470ac-9922-686a-6984-3ea46e593565
Jack,Jack Ma,Ma,00bf6bc2-a2ea-7131-b6b3-8bd395a8cb12
Will,Will Winfrey,Winfrey,00ae14ab-6599-3ab9-8614-a6751c0fecf7
Paulo,Paulo Gates,Gates,00147f23-e6a6-47fd-2c41-f23e0h6a1c2c
Jeff,Jeff Salah,Salah,00fd6858-3c7f-c9d0-38d9-6d383n7996b0
Bill,Bill Anand,Anand,00de12a4-22ce-7adb-eb56-8ea4fsdc7815
Bill,Bill Bezos,Bezos,0060dafa-caea-0dfa-b992-a4af49e79a79
Christiano,Christiano Graff,Graff,007a7c81-6878-5395-63d3-f7fdc25c8327
Oprah,Oprah Trump,Trump,002e1233-36b1-6a9d-572c-d55a1e1eb1ce
Steffi,Steffi Morgan,Morgan,0024a342-ab88-bbc6-9358-083bdt30b716
Vishwanathan,Vishwanathan Ronaldo,Ronaldo,00958c21-0441-5675-7caf-1924dndc5b84
Vishwanathan,Vishwanathan Kardashian,Kardashian,00406a4a-7402-a015-4363-bbb791b890e8